,activation_code,total_time_spent,age,num_kids,stress_score,stressful_situation_rating,rep_grid_elements_id,NPS_repgrid,feeling_repgrid_activity,feeling_identity_activity,do_you_want_to_improve_1,do_you_want_to_improve_2,do_you_want_to_improve_3,interesting_score_identity_activity,interesting_rating_repgrid_output1,interesting_rating_repgrid_output2,interesting_rating_repgrid_output3,interesting_rating_repgrid_output4,learnt_score_identity_activity,learnt_score_repgrid_output1,learnt_score_repgrid_output2,learnt_score_repgrid_output3,learnt_score_repgrid_output4,NPS_identity,core_identity,middle_identity,outer_identity
0,GmFzhmi5 , 14 ,31,1,11,"[2, 2, 2, 2, 2, 2, 2, 2, 2, 2, 2, 2, 1, 1, 1, 1]","[0, 1, 11, 4, 12, 13]",No,2,2,No,Yes,Yes,3.0,3,3,3,3,3,3,3,3,3,6,"['organised', 'playful', 'influential']","['delayed', 'following', 'cluttered', 'serious', 'unhelpful']","['delayed', 'cluttered', 'teamplayer', 'serious', 'opinionated', 'unhelpful', 'following', 'slowpaced', 'conservative', 'spontaneous', 'lazy']"
1,PzFlGYUC , 23 ,25,0,21,"[2, 0, 1, 1, 1, 2, 2, 1, 2, 1, 0, 0, 2, 1, 0, 2]","[0, 1, 13, 12, 2, 9]",No,3,3,No,Yes,Yes,3.0,3,4,3,3,3,3,4,3,2,8,"['liberal', 'organised', 'independent']","['cluttered', 'spontaneous', 'teamplayer', 'compromising', 'conservative']","['punctual', 'cluttered', 'teamplayer', 'playful', 'compromising', 'helpful', 'influential', 'fastpaced', 'conservative', 'spontaneous', 'hardworking']"
2,6p5vutqW , 16 ,35,1,14,"[1, 1, 1, 1, 0, 0, 0, 0, 0, 0, 0, 0, 0, 1, 0, 0]","[0, 1, 12, 13, 8, 2]",No,3,3,No,Yes,Yes,4.0,4,4,4,4,3,3,3,3,3,9,"['opinionated', 'influential', 'organised']","['delayed', 'following', 'cluttered', 'compromising', 'unhelpful']","['delayed', 'cluttered', 'teamplayer', 'playful', 'compromising', 'unhelpful', 'following', 'fastpaced', 'liberal', 'spontaneous', 'lazy']"
3,lZUOKm6S , 24 ,35,0,19,"[2, 0, 2, 1, 1, 1, 1, 0, 1, 1, 1, 1, 0, 0, 1, 0]","[0, 1, 12, 2, 13, 4, 9, 3]",No,2,2,No,Yes,Yes,3.0,2,2,3,3,3,2,2,3,3,8,"['helpful', 'hardworking', 'thoughtful']","['delayed', 'lazy', 'cluttered', 'unhelpful', 'spontaneous']","['delayed', 'cluttered', 'teamplayer', 'playful', 'compromising', 'unhelpful', 'influential', 'fastpaced', 'liberal', 'spontaneous', 'lazy']"
4,rhyDsIWL , 67 ,30,0,14,"[1, 1, 2, 0, 1, 0, 1, 0, 2, 2, 2, 1, 2, 0, 1, 1]","[0, 1, 10, 5, 9, 11]",No,2,2,No,Yes,Yes,3.0,3,4,2,4,2,3,3,2,3,9,"['hardworking', 'playful', 'thoughtful']","['independent', 'lazy', 'serious', 'unhelpful', 'spontaneous']","['punctual', 'organised', 'independent', 'serious', 'opinionated', 'unhelpful', 'following', 'slowpaced', 'liberal', 'spontaneous', 'lazy']"
5,fwQXfY83 , 25 ,36,2,26,"[2, 1, 2, 2, 0, 2, 2, 0, 1, 2, 1, 1, 2, 2, 2, 2]","[0, 1, 2, 3, 4, 5]",No,3,3,No,No,No,3.0,3,3,3,3,2,3,2,2,3,7,"['punctual', 'organised', 'helpful']","['delayed', 'following', 'cluttered', 'independent', 'unhelpful']","['delayed', 'cluttered', 'independent', 'playful', 'compromising', 'unhelpful', 'following', 'slowpaced', 'liberal', 'spontaneous', 'hardworking']"
6,ZF8MGC0T , 10 ,45,2,15,"[1, 0, 1, 1, 0, 1, 1, 0, 2, 1, 0, 1, 2, 1, 0, 2]","[0, 1, 12, 11, 13, 9]",Yes,2,2,Yes,Yes,Yes,3.0,3,3,3,3,3,3,3,3,2,8,"['punctual', 'organised', 'hardworking']","['delayed', 'lazy', 'cluttered', 'teamplayer', 'unhelpful']","['delayed', 'cluttered', 'teamplayer', 'playful', 'opinionated', 'unhelpful', 'following', 'slowpaced', 'conservative', 'spontaneous', 'lazy']"
7,i8tc5Xfl , 14 ,26,0,18,"[2, 1, 2, 2, 2, 1, 1, 0, 0, 0, 0, 0, 0, 0, 1, 0]","[0, 1, 12, 13, 9, 3]",Yes,2,2,Yes,Yes,No,3.0,2,3,2,3,4,2,3,3,1,8,"['organised', 'hardworking', 'thoughtful']","['cluttered', 'lazy', 'unhelpful', 'conservative', 'spontaneous']","['delayed', 'cluttered', 'teamplayer', 'serious', 'compromising', 'unhelpful', 'following', 'fastpaced', 'conservative', 'spontaneous', 'lazy']"
8,mbtHMJZW , 15 ,32,0,27,"[1, 0, 2, 1, 0, 2, 1, 0, 0, 1, 2, 1, 2, 0, 1, 2]","[0, 1, 8, 12, 13, 10]",Yes,2,2,Yes,Yes,No,3.0,2,3,3,3,3,2,3,3,3,3,"['independent', 'helpful', 'thoughtful']","['unhelpful', 'teamplayer', 'conservative', 'spontaneous', 'lazy']","['delayed', 'cluttered', 'teamplayer', 'playful', 'opinionated', 'unhelpful', 'following', 'slowpaced', 'conservative', 'spontaneous', 'lazy']"
9,j38UBMlO , 16 ,49,0,18,"[2, 0, 2, 0, 0, 1, 1, 0, 1, 2, 0, 1, 2, 2, 2, 2]","[0, 1, 13, 4, 9, 3]",No,2,2,No,No,No,2.0,2,3,2,2,2,2,2,2,2,5,"['thoughtful', 'punctual', 'organised']","['spontaneous', 'following', 'playful', 'delayed', 'cluttered']","['delayed', 'cluttered', 'independent', 'playful', 'compromising', 'unhelpful', 'following', 'slowpaced', 'conservative', 'spontaneous', 'lazy']"
10,tixT4goS , 23 ,28,0,17,"[1, 0, 2, 2, 2, 2, 2, 2, 2, 2, 1, 2, 2, 1, 2, 0]","[0, 1, 13, 12, 11, 7]",Yes,3,3,Yes,Yes,Yes,4.0,4,3,4,4,4,4,3,4,4,10,"['organised', 'thoughtful', 'hardworking']","['lazy', 'cluttered', 'spontaneous', 'unhelpful', 'teamplayer']","['punctual', 'cluttered', 'teamplayer', 'serious', 'compromising', 'unhelpful', 'influential', 'slowpaced', 'conservative', 'spontaneous', 'lazy']"
11,sDYE5R1T , 22 ,40,0,15,"[2, 2, 2, 2, 0, 2, 2, 0, 2, 2, 0, 2, 2, 1, 1, 2]","[0, 1, 8, 10, 7, 3]",Yes,3,3,Yes,Yes,No,3.0,3,4,4,3,2,3,4,4,3,8,"['delayed', 'cluttered', 'opinionated']","['punctual', 'thoughtful', 'organised', 'compromising', 'influential']","['organised', 'punctual', 'teamplayer', 'playful', 'compromising', 'unhelpful', 'influential', 'slowpaced', 'conservative', 'thoughtful', 'lazy']"
12,YvwAlvp2 , 9 ,31,0,16,"[1, 2, 2, 1, 0, 2, 2, 0, 1, 2, 0, 0, 2, 2, 0, 2]","[0, 1, 12, 8, 7, 13]",No,2,2,No,No,No,3.0,3,2,3,4,3,2,2,3,2,6,"['helpful', 'teamplayer', 'serious']","['independent', 'opinionated', 'playful', 'unhelpful', 'thoughtful']","['punctual', 'organised', 'independent', 'playful', 'opinionated', 'unhelpful', 'influential', 'fastpaced', 'liberal', 'thoughtful', 'hardworking']"
13,MXYw2yHc , 28 ,29,0,17,"[2, 0, 2, 1, 0, 1, 2, 0, 2, 2, 2, 0, 1, 1, 1, 2]","[0, 1, 11, 3, 5, 8]",Yes,3,3,Yes,Yes,Yes,3.0,3,3,3,4,3,3,4,2,4,9,"['influential', 'punctual', 'teamplayer']","['following', 'delayed', 'serious', 'spontaneous', 'independent']","['delayed', 'cluttered', 'independent', 'serious', 'opinionated', 'unhelpful', 'following', 'slowpaced', 'conservative', 'spontaneous', 'lazy']"
14,WEHFaqpc , 11 ,37,2,20,"[1, 0, 2, 1, 1, 1, 1, 1, 2, 2, 2, 1, 1, 2, 1, 2]","[0, 1, 4, 13, 12, 9]",Yes,3,3,Yes,Yes,Yes,3.0,3,3,3,3,3,3,3,3,3,8,"['punctual', 'helpful', 'hardworking']","['lazy', 'cluttered', 'unhelpful', 'delayed', 'serious']","['delayed', 'cluttered', 'teamplayer', 'serious', 'opinionated', 'unhelpful', 'slowpaced', 'conservative', 'thoughtful', 'lazy', 'following']"
15,1ZWBTYiI , 32 ,39,2,24,"[2, 2, 2, 2, 1, 2, 2, 0, 2, 2, 2, 1, 1, 2, 2, 1]","[0, 1, 12, 9, 10, 4]",No,2,2,No,Yes,Yes,3.0,3,3,3,3,3,3,3,3,3,9,"['organised', 'influential', 'playful']","['cluttered', 'unhelpful', 'serious', 'following', 'slowpaced']","['delayed', 'cluttered', 'independent', 'serious', 'opinionated', 'unhelpful', 'following', 'slowpaced', 'conservative', 'spontaneous', 'lazy']"
16,MbdjmoSe , 33 ,39,0,26,"[2, 0, 2, 2, 1, 2, 1, 1, 1, 2, 1, 2, 2, 1, 0, 2]","[0, 1, 11, 10, 12, 3]",Yes,3,3,Yes,Yes,Yes,3.0,3,3,4,3,4,3,2,4,3,7,"['hardworking', 'influential', 'liberal']","['cluttered', 'following', 'conservative', 'lazy', 'spontaneous']","['delayed', 'cluttered', 'independent', 'opinionated', 'serious', 'unhelpful', 'following', 'fastpaced', 'conservative', 'spontaneous', 'lazy']"
17,LzNNmife , 12 ,35,2,20,"[2, 1, 2, 1, 1, 1, 1, 1, 0, 2, 1, 1, 1, 1, 1, 1]","[0, 1, 13, 12, 10, 2]",No,2,2,No,No,No,2.0,2,2,2,2,2,3,2,2,2,2,"['helpful', 'punctual', 'organised']","['cluttered', 'unhelpful', 'lazy', 'delayed', 'serious']","['delayed', 'cluttered', 'teamplayer', 'serious', 'opinionated', 'unhelpful', 'influential', 'slowpaced', 'liberal', 'spontaneous', 'lazy']"
18,TpAM7MlI , 29 ,47,1,14,"[1, 1, 2, 2, 2, 1, 2, 1, 2, 2, 1, 2, 2, 0, 1, 1]","[0, 1, 12, 11, 13, 6]",Yes,3,3,Yes,Yes,Yes,3.0,4,4,4,4,4,4,3,4,4,10,"['helpful', 'thoughtful', 'compromising']","['independent', 'spontaneous', 'unhelpful', 'serious', 'opinionated']","['organised', 'independent', 'serious', 'unhelpful', 'opinionated', 'conservative', 'influential', 'punctual', 'fastpaced', 'spontaneous', 'lazy']"
19,DhFjWp63 , 14 ,48,1,22,"[1, 0, 1, 1, 1, 0, 1, 0, 1, 1, 0, 1, 0, 2, 0, 2]","[0, 1, 12, 9, 13, 6]",No,2,2,No,Yes,Yes,3.0,3,3,3,3,3,2,3,3,3,7,"['organised', 'punctual', 'playful']","['delayed', 'slowpaced', 'cluttered', 'serious', 'spontaneous']","['delayed', 'cluttered', 'teamplayer', 'serious', 'compromising', 'unhelpful', 'following', 'slowpaced', 'conservative', 'spontaneous', 'lazy']"
20,mUfRQGN4 , 23 ,26,0,15,"[0, 1, 2, 1, 0, 2, 2, 2, 2, 2, 1, 1, 1, 1, 1, 1]","[0, 1, 11, 12, 6, 2]",Yes,2,2,Yes,Yes,Yes,4.0,4,3,3,4,3,4,2,3,4,10,"['independent', 'helpful', 'thoughtful']","['teamplayer', 'unhelpful', 'opinionated', 'lazy', 'spontaneous']","['punctual', 'organised', 'teamplayer', 'playful', 'opinionated', 'unhelpful', 'influential', 'slowpaced', 'liberal', 'spontaneous', 'lazy']"
21,svd2G1Bs , 30 ,39,2,22,"[2, 2, 2, 2, 0, 2, 1, 0, 0, 0, 0, 0, 1, 0, 1, 1]","[0, 1, 12, 13, 11, 2]",Yes,1,1,Yes,Yes,Yes,3.0,3,3,3,3,3,3,3,3,3,6,"['teamplayer', 'helpful', 'hardworking']","['cluttered', 'unhelpful', 'independent', 'lazy', 'spontaneous']","['delayed', 'cluttered', 'independent', 'serious', 'compromising', 'unhelpful', 'following', 'slowpaced', 'conservative', 'spontaneous', 'lazy']"
22,1h4J6qdp , 21 ,45,0,10,"[1, 0, 1, 0, 0, 0, 0, 0, 0, 0, 0, 0, 0, 0, 0, 1]","[0, 1, 10, 12, 9, 4]",Yes,2,2,Yes,Yes,Yes,2.0,2,2,3,3,2,2,3,3,3,6,"['punctual', 'teamplayer', 'fast-paced']","['delayed', 'independent', 'liberal', 'slowpaced', 'compromising']","['delayed', 'cluttered', 'independent', 'serious', 'compromising', 'unhelpful', 'following', 'slowpaced', 'liberal', 'thoughtful', 'lazy']"
23,79PDv4N9 , 19 ,37,0,21,"[1, 0, 2, 0, 0, 1, 1, 0, 2, 1, 2, 0, 1, 2, 0, 0]","[0, 1, 8, 11, 2, 3]",Yes,3,3,Yes,Yes,Yes,3.0,3,3,3,4,2,3,3,3,3,7,"['independent', 'influential', 'thoughtful']","['teamplayer', 'spontaneous', 'opinionated', 'following', 'lazy']","['organised', 'teamplayer', 'punctual', 'playful', 'opinionated', 'unhelpful', 'following', 'fastpaced', 'liberal', 'lazy', 'spontaneous']"
24,b7CfFy8I , 8 ,40,2,28,"[2, 2, 2, 2, 2, 2, 2, 2, 2, 2, 2, 2, 2, 2, 2, 2]","[0, 1, 11, 8, 7, 4]",Yes,2,2,Yes,Yes,Yes,3.0,3,3,3,4,3,3,3,3,3,7,"['serious', 'influential', 'opinionated']","['delayed', 'following', 'cluttered', 'playful', 'compromising']","['delayed', 'cluttered', 'independent', 'playful', 'compromising', 'unhelpful', 'following', 'slowpaced', 'liberal', 'spontaneous', 'lazy']"
25,ngut7mkT , 22 ,36,2,38,"[2, 1, 2, 2, 2, 1, 2, 2, 2, 2, 2, 2, 2, 2, 2, 2]","[0, 1, 11, 8, 13, 2]",Yes,3,3,Yes,Yes,Yes,4.0,4,4,4,4,4,4,4,4,4,10,"['independent', 'spontaneous', 'hardworking']","['unhelpful', 'thoughtful', 'delayed', 'lazy', 'teamplayer']","['delayed', 'cluttered', 'teamplayer', 'playful', 'compromising', 'unhelpful', 'following', 'fastpaced', 'liberal', 'thoughtful', 'lazy']"
26,74FuZrx2 , 14 ,33,0,24,"[1, 0, 2, 2, 1, 1, 1, 0, 0, 0, 0, 0, 0, 1, 2, 1]","[0, 1, 13, 12, 6, 9]",Yes,2,2,Yes,Yes,Yes,3.0,3,3,3,3,3,3,3,3,3,5,"['organised', 'hardworking', 'influential']","['following', 'serious', 'spontaneous', 'lazy', 'cluttered']","['delayed', 'cluttered', 'independent', 'serious', 'compromising', 'unhelpful', 'following', 'fastpaced', 'conservative', 'spontaneous', 'lazy']"
27,xHWwpi10 , 25 ,34,1,14,"[1, 0, 2, 1, 0, 0, 1, 0, 0, 2, 1, 0, 2, 2, 2, 2]","[0, 1, 12, 2, 4, 9]",No,2,2,No,No,No,3.0,3,3,3,3,3,3,3,3,3,7,"['hardworking', 'thoughtful', 'helpful']","['spontaneous', 'following', 'lazy', 'unhelpful', 'cluttered']","['delayed', 'cluttered', 'teamplayer', 'playful', 'opinionated', 'unhelpful', 'following', 'slowpaced', 'liberal', 'spontaneous', 'lazy']"
28,ZJOPiOhj , 23 ,36,2,14,"[0, 0, 2, 2, 0, 0, 1, 0, 2, 1, 2, 0, 2, 1, 1, 1]","[0, 1, 2, 12, 4, 8]",Yes,2,2,Yes,Yes,Yes,2.0,3,3,2,3,1,3,3,2,2,4,"['organised', 'fast-paced', 'hardworking']","['liberal', 'slowpaced', 'lazy', 'cluttered', 'unhelpful']","['delayed', 'cluttered', 'independent', 'serious', 'opinionated', 'unhelpful', 'influential', 'slowpaced', 'liberal', 'spontaneous', 'lazy']"
29,Q4hcOVN3 , 12 ,39,0,18,"[1, 0, 2, 2, 2, 1, 2, 0, 1, 2, 1, 1, 0, 2, 1, 1]","[0, 1, 12, 4, 13, 2]",Yes,2,2,Yes,No,Yes,3.0,3,3,3,3,3,3,3,2,3,6,"['helpful', 'thoughtful', 'organised']","['delayed', 'spontaneous', 'cluttered', 'unhelpful', 'slowpaced']","['delayed', 'cluttered', 'teamplayer', 'serious', 'compromising', 'unhelpful', 'following', 'slowpaced', 'conservative', 'spontaneous', 'lazy']"
30,MWRWKUvB , 21 ,28,0,12,"[2, 0, 2, 1, 1, 2, 2, 0, 1, 2, 0, 1, 1, 2, 1, 1]","[0, 1, 11, 13, 4, 9]",No,3,3,No,No,No,3.0,3,3,3,3,2,2,2,2,2,8,"['punctual', 'helpful', 'liberal']","['delayed', 'lazy', 'cluttered', 'unhelpful', 'conservative']","['delayed', 'cluttered', 'teamplayer', 'serious', 'compromising', 'unhelpful', 'following', 'slowpaced', 'conservative', 'spontaneous', 'lazy']"
31,ixTcReNK , 13 ,38,1,12,"[1, 1, 1, 1, 1, 1, 2, 1, 1, 0, 0, 1, 1, 0, 0, 1]","[0, 1, 7, 10, 3, 12]",Yes,2,2,Yes,Yes,Yes,3.0,2,3,2,3,3,2,3,2,3,6,"['teamplayer', 'helpful', 'playful']","['independent', 'serious', 'opinionated', 'unhelpful', 'conservative']","['punctual', 'organised', 'independent', 'serious', 'opinionated', 'unhelpful', 'influential', 'fastpaced', 'conservative', 'thoughtful', 'hardworking']"
32,6aPQqTGV , 14 ,24,0,19,"[2, 1, 1, 1, 0, 2, 1, 1, 2, 1, 1, 2, 2, 2, 2, 1]","[0, 1, 12, 9, 13, 10]",Yes,3,3,Yes,Yes,Yes,3.0,3,3,3,3,3,3,3,3,3,8,"['independent', 'hardworking', 'liberal']","['teamplayer', 'thoughtful', 'slowpaced', 'conservative', 'lazy']","['delayed', 'cluttered', 'teamplayer', 'serious', 'opinionated', 'unhelpful', 'following', 'slowpaced', 'conservative', 'thoughtful', 'lazy']"
33,tKlhvz09 , 33 ,47,0,33,"[2, 1, 2, 2, 2, 2, 2, 2, 2, 2, 1, 0, 0, 1, 2, 1]","[0, 1, 3, 12, 8, 5]",Yes,2,2,Yes,Yes,Yes,4.0,3,3,2,4,4,2,4,3,4,9,"['thoughtful', 'hardworking', 'opinionated']","['liberal', 'spontaneous', 'compromising', 'following', 'lazy']","['organised', 'teamplayer', 'playful', 'unhelpful', 'following', 'fastpaced', 'liberal', 'spontaneous', 'lazy', 'compromising', 'punctual']"
34,tylDO6Mb , 21 ,43,2,16,"[1, 0, 2, 1, 0, 2, 1, 0, 0, 2, 0, 2, 0, 1, 2, 2]","[0, 1, 9, 12, 13, 11]",Yes,2,2,Yes,Yes,Yes,3.0,3,3,3,3,2,2,2,3,3,4,"['punctual', 'organised', 'teamplayer']","['delayed', 'serious', 'cluttered', 'independent', 'slowpaced']","['delayed', 'cluttered', 'independent', 'serious', 'compromising', 'unhelpful', 'influential', 'slowpaced', 'liberal', 'thoughtful', 'hardworking']"
35,74B2PCXW , 10 ,41,0,12,"[1, 1, 2, 2, 2, 2, 2, 1, 1, 2, 0, 2, 1, 0, 0, 1]","[0, 1, 11, 8, 13, 12]",Yes,2,2,Yes,Yes,Yes,3.0,3,4,3,4,3,3,4,3,4,8,"['thoughtful', 'hardworking', 'organised']","['delayed', 'lazy', 'cluttered', 'unhelpful', 'spontaneous']","['delayed', 'cluttered', 'teamplayer', 'playful', 'compromising', 'unhelpful', 'following', 'slowpaced', 'liberal', 'spontaneous', 'lazy']"
36,rtY2U9KD , 12 ,30,0,14,"[1, 2, 2, 2, 2, 0, 1, 0, 0, 0, 1, 1, 2, 1, 0, 1]","[0, 1, 8, 4, 12, 7]",No,2,2,No,Yes,Yes,3.0,2,3,2,2,3,3,3,2,2,5,"['hardworking', 'influential', 'thoughtful']","['unhelpful', 'spontaneous', 'following', 'conservative', 'lazy']","['punctual', 'organised', 'teamplayer', 'serious', 'compromising', 'unhelpful', 'following', 'slowpaced', 'conservative', 'spontaneous', 'lazy']"
37,3diZvhKb , 22 ,47,0,21,"[2, 2, 2, 1, 0, 0, 0, 2, 1, 2, 0, 2, 1, 2, 2, 1]","[0, 1, 13, 11, 7, 10, 5, 8]",Yes,3,3,Yes,Yes,Yes,4.0,2,3,3,3,3,3,3,3,3,10,"['organised', 'thoughtful', 'helpful']","['spontaneous', 'unhelpful', 'cluttered', 'liberal', 'compromising']","['punctual', 'cluttered', 'teamplayer', 'playful', 'compromising', 'unhelpful', 'influential', 'fastpaced', 'liberal', 'spontaneous', 'lazy']"
38,DhYOBqZA , 30 ,45,2,10,"[1, 2, 1, 1, 0, 0, 1, 0, 2, 1, 1, 1, 2, 2, 2, 2]","[0, 1, 12, 13, 2, 9]",No,3,3,No,Yes,Yes,3.0,3,3,3,3,3,3,3,4,3,8,"['punctual', 'organised', 'helpful']","['delayed', 'opinionated', 'cluttered', 'unhelpful', 'lazy']","['delayed', 'cluttered', 'teamplayer', 'playful', 'opinionated', 'unhelpful', 'influential', 'slowpaced', 'conservative', 'spontaneous', 'lazy']"
39,rGIr3oYI , 17 ,40,2,9,"[0, 0, 0, 1, 0, 0, 2, 0, 1, 1, 1, 0, 1, 1, 1, 1]","[0, 1, 12, 9, 10, 3]",No,2,2,No,No,Yes,3.0,3,3,3,3,3,3,3,3,3,4,"['influential', 'opinionated', 'playful']","['serious', 'lazy', 'independent', 'compromising', 'following']","['punctual', 'cluttered', 'independent', 'serious', 'compromising', 'unhelpful', 'following', 'slowpaced', 'conservative', 'lazy', 'thoughtful']"
40,r8BtT32m , 10 ,37,3,19,"[1, 0, 1, 1, 1, 1, 1, 1, 1, 1, 1, 1, 1, 1, 1, 1]","[0, 1, 12, 9, 13, 6]",Yes,3,3,Yes,Yes,Yes,3.0,3,3,3,3,3,3,3,3,3,10,"['teamplayer', 'hardworking', 'helpful']","['punctual', 'independent', 'unhelpful', 'following', 'lazy']","['punctual', 'cluttered', 'independent', 'serious', 'opinionated', 'unhelpful', 'following', 'slowpaced', 'conservative', 'thoughtful', 'lazy']"
41,Po0zj4Vv , 10 ,40,1,22,"[2, 1, 2, 2, 2, 2, 2, 2, 2, 2, 2, 2, 2, 2, 2, 2]","[0, 1, 12, 8, 2, 11, 9]",Yes,3,3,Yes,Yes,Yes,3.0,4,3,4,4,3,3,3,4,4,10,"['teamplayer', 'helpful', 'liberal']","['independent', 'conservative', 'unhelpful', 'following', 'thoughtful']","['punctual', 'organised', 'independent', 'playful', 'opinionated', 'unhelpful', 'following', 'slowpaced', 'conservative', 'thoughtful', 'lazy']"
42,AmMPxEzA , 19 ,25,0,27,"[2, 0, 2, 2, 2, 2, 2, 0, 2, 2, 1, 1, 0, 1, 1, 0]","[0, 1, 9, 4, 5, 12]",Yes,3,3,Yes,Yes,Yes,4.0,3,3,3,3,3,3,4,4,4,9,"['influential', 'liberal', 'organised']","['delayed', 'unhelpful', 'cluttered', 'following', 'conservative']","['delayed', 'cluttered', 'teamplayer', 'serious', 'compromising', 'unhelpful', 'following', 'slowpaced', 'conservative', 'thoughtful', 'lazy']"
43,avBaKQmX , 16 ,31,1,20,"[2, 2, 2, 2, 0, 1, 2, 0, 0, 2, 1, 0, 0, 2, 0, 0]","[0, 1, 12, 11, 13, 3]",Yes,3,3,Yes,Yes,Yes,3.0,3,3,4,3,3,3,3,3,3,7,"['hardworking', 'influential', 'organised']","['following', 'compromising', 'cluttered', 'delayed', 'lazy']","['delayed', 'cluttered', 'teamplayer', 'playful', 'compromising', 'unhelpful', 'following', 'fastpaced', 'liberal', 'spontaneous', 'lazy']"
44,OWUrTWla , 22 ,31,0,21,"[1, 0, 2, 1, 1, 2, 2, 2, 2, 2, 2, 2, 2, 2, 2, 2]","[0, 1, 12, 8, 10, 11]",Yes,3,3,Yes,Yes,Yes,3.0,4,3,3,3,3,3,3,3,3,6,"['punctual', 'independent', 'opinionated']","['delayed', 'liberal', 'teamplayer', 'compromising', 'slowpaced']","['delayed', 'organised', 'teamplayer', 'serious', 'compromising', 'unhelpful', 'influential', 'slowpaced', 'liberal', 'spontaneous', 'hardworking']"
45,OvpFXf7D , 24 ,45,2,17,"[2, 0, 2, 2, 2, 2, 2, 1, 2, 2, 0, 1, 2, 1, 1, 2]","[0, 1, 4, 12, 9, 13]",Yes,2,2,Yes,Yes,Yes,3.0,3,3,3,3,3,3,3,3,3,7,"['punctual', 'helpful', 'hardworking']","['unhelpful', 'delayed', 'lazy', 'spontaneous', 'slowpaced']","['delayed', 'organised', 'independent', 'playful', 'opinionated', 'unhelpful', 'influential', 'slowpaced', 'liberal', 'spontaneous', 'lazy']"
46,mLaXf5Oe , 10 ,34,2,14,"[1, 1, 2, 1, 0, 1, 1, 0, 0, 2, 2, 1, 1, 1, 1, 1]","[0, 1, 13, 12, 9, 8]",No,2,2,No,No,Yes,3.0,3,3,3,3,3,3,2,3,2,7,"['independent', 'helpful', 'hardworking']","['delayed', 'lazy', 'unhelpful', 'teamplayer', 'cluttered']","['delayed', 'cluttered', 'teamplayer', 'serious', 'compromising', 'unhelpful', 'following', 'slowpaced', 'conservative', 'spontaneous', 'lazy']"
47,kDKsaqGc , 12 ,36,2,13,"[2, 0, 2, 2, 1, 0, 2, 1, 1, 2, 0, 0, 1, 1, 1, 2]","[0, 1, 13, 12, 11, 2]",No,2,2,No,No,No,3.0,2,2,2,2,3,2,2,2,2,5,"['organised', 'helpful', 'spontaneous']","['serious', 'independent', 'thoughtful', 'unhelpful', 'cluttered']","['delayed', 'cluttered', 'independent', 'serious', 'opinionated', 'unhelpful', 'following', 'slowpaced', 'conservative', 'thoughtful', 'lazy']"
48,v7VP5OTU , 14 ,30,1,17,"[1, 2, 2, 1, 1, 0, 0, 1, 0, 1, 0, 1, 1, 2, 0, 0]","[0, 1, 12, 11, 4, 13]",No,3,3,No,Yes,Yes,4.0,4,3,3,3,4,3,3,3,3,10,"['organised', 'thoughtful', 'hardworking']","['lazy', 'compromising', 'spontaneous', 'cluttered', 'delayed']","['delayed', 'cluttered', 'teamplayer', 'playful', 'compromising', 'unhelpful', 'following', 'slowpaced', 'liberal', 'spontaneous', 'lazy']"
49,B9To81n4 , 11 ,27,0,21,"[2, 0, 2, 1, 0, 1, 1, 1, 1, 1, 0, 1, 0, 2, 1, 2]","[0, 1, 12, 9, 13, 6]",Yes,2,2,Yes,Yes,No,3.0,2,3,3,3,3,2,3,3,3,6,"['following', 'conservative', 'thoughtful']","['delayed', 'spontaneous', 'unhelpful', 'influential', 'liberal']","['delayed', 'independent', 'cluttered', 'serious', 'opinionated', 'unhelpful', 'influential', 'slowpaced', 'liberal', 'spontaneous', 'lazy']"
50,nmclGfdb , 17 ,38,2,17,"[2, 0, 2, 2, 0, 1, 2, 0, 2, 2, 1, 0, 2, 2, 1, 2]","[0, 1, 11, 12, 2, 3]",Yes,2,2,Yes,Yes,Yes,3.0,2,3,3,3,3,3,3,3,3,7,"['organised', 'helpful', 'hardworking']","['cluttered', 'lazy', 'compromising', 'slowpaced', 'unhelpful']","['punctual', 'cluttered', 'teamplayer', 'serious', 'compromising', 'unhelpful', 'influential', 'slowpaced', 'liberal', 'spontaneous', 'lazy']"
51,cqygLR72 , 24 ,49,4,17,"[1, 0, 2, 2, 0, 0, 2, 2, 2, 2, 1, 0, 2, 2, 1, 2]","[0, 1, 2, 4, 3, 8]",Yes,2,2,Yes,Yes,Yes,3.0,3,3,3,3,2,2,3,3,3,3,"['hardworking', 'helpful', 'organised']","['delayed', 'opinionated', 'cluttered', 'unhelpful', 'lazy']","['delayed', 'cluttered', 'independent', 'playful', 'opinionated', 'unhelpful', 'influential', 'fastpaced', 'liberal', 'spontaneous', 'lazy']"
52,k1nM6wMk , 21 ,31,0,7,"[2, 1, 1, 2, 1, 2, 1, 1, 2, 0, 0, 1, 1, 0, 2, 0]","[0, 1, 11, 13, 9, 8]",Yes,3,3,Yes,Yes,Yes,4.0,3,3,4,3,3,3,3,4,3,10,"['punctual', 'organised', 'helpful']","['delayed', 'lazy', 'cluttered', 'slowpaced', 'unhelpful']","['delayed', 'cluttered', 'teamplayer', 'serious', 'opinionated', 'unhelpful', 'following', 'slowpaced', 'conservative', 'spontaneous', 'lazy']"
53,6y3s17JM , 16 ,30,0,19,"[1, 2, 2, 2, 2, 1, 1, 0, 2, 1, 0, 2, 0, 1, 0, 1]","[0, 1, 11, 13, 5, 3]",Yes,2,2,Yes,No,Yes,3.0,2,3,1,1,3,2,2,1,1,5,"['helpful', 'liberal', 'organised']","['cluttered', 'teamplayer', 'unhelpful', 'conservative', 'opinionated']","['punctual', 'cluttered', 'teamplayer', 'playful', 'opinionated', 'unhelpful', 'following', 'fastpaced', 'conservative', 'thoughtful', 'hardworking']"
54,YcRULdAi , 17 ,36,0,15,"[1, 0, 2, 1, 1, 0, 1, 1, 2, 2, 2, 0, 0, 1, 1, 1]","[0, 1, 12, 3, 13, 2]",Yes,3,3,Yes,Yes,Yes,4.0,3,3,3,3,4,3,3,3,3,9,"['thoughtful', 'serious', 'delayed']","['spontaneous', 'following', 'punctual', 'organised', 'playful']","['punctual', 'organised', 'independent', 'playful', 'opinionated', 'unhelpful', 'following', 'slowpaced', 'liberal', 'spontaneous', 'lazy']"
55,PCaVYtT0 , 18 ,38,1,28,"[2, 2, 2, 2, 2, 2, 2, 2, 2, 2, 1, 2, 2, 2, 2, 2]","[0, 1, 12, 3, 4, 9]",No,2,2,No,No,No,3.0,3,3,3,3,2,3,3,3,3,9,"['hardworking', 'helpful', 'punctual']","['lazy', 'opinionated', 'spontaneous', 'unhelpful', 'delayed']","['delayed', 'cluttered', 'independent', 'playful', 'opinionated', 'unhelpful', 'influential', 'slowpaced', 'conservative', 'spontaneous', 'lazy']"
56,FgBag7ol , 24 ,32,1,15,"[2, 0, 2, 1, 0, 0, 2, 1, 1, 2, 0, 0, 1, 1, 0, 1]","[0, 1, 12, 2, 13, 9]",Yes,2,2,Yes,Yes,Yes,4.0,4,4,4,4,2,3,2,3,3,6,"['hardworking', 'helpful', 'organised']","['lazy', 'cluttered', 'spontaneous', 'unhelpful', 'delayed']","['delayed', 'cluttered', 'opinionated', 'unhelpful', 'slowpaced', 'conservative', 'spontaneous', 'lazy', 'teamplayer', 'serious', 'influential']"
57,4D6Hugtb , 8 ,28,0,22,"[2, 1, 2, 2, 2, 2, 1, 1, 1, 2, 2, 2, 1, 1, 1, 2]","[0, 1, 9, 5, 12, 11]",No,2,2,No,No,Yes,3.0,2,2,2,3,3,2,2,2,3,6,"['playful', 'spontaneous', 'helpful']","['serious', 'delayed', 'unhelpful', 'thoughtful', 'lazy']","['delayed', 'organised', 'independent', 'serious', 'compromising', 'unhelpful', 'following', 'slowpaced', 'conservative', 'thoughtful', 'lazy']"
58,txAk4MHs , 25 ,47,2,20,"[1, 1, 2, 2, 1, 1, 2, 0, 2, 2, 2, 2, 2, 0, 1, 2]","[0, 1, 12, 10, 11, 5]",Yes,3,3,Yes,Yes,Yes,3.0,3,3,3,3,3,3,3,3,3,8,"['helpful', 'organised', 'thoughtful']","['unhelpful', 'following', 'cluttered', 'spontaneous', 'delayed']","['delayed', 'cluttered', 'independent', 'serious', 'unhelpful', 'compromising', 'following', 'conservative', 'spontaneous', 'lazy', 'fastpaced']"
59,Z0gADkTo , 22 ,38,0,15,"[1, 0, 2, 0, 0, 0, 1, 0, 1, 1, 0, 1, 1, 0, 0, 1]","[0, 1, 12, 13, 2, 4]",Yes,2,2,Yes,No,No,2.0,2,2,2,2,2,2,2,2,2,2,"['helpful', 'thoughtful', 'hardworking']","['independent', 'lazy', 'unhelpful', 'opinionated', 'spontaneous']","['delayed', 'organised', 'independent', 'serious', 'opinionated', 'unhelpful', 'fastpaced', 'liberal', 'influential', 'spontaneous', 'lazy']"
60,NkkZ3a2p , 16 ,39,2,25,"[2, 1, 2, 1, 2, 1, 2, 0, 2, 2, 0, 2, 1, 0, 0, 2]","[0, 1, 8, 12, 11, 2]",Yes,2,2,Yes,Yes,Yes,3.0,4,4,4,4,2,3,3,3,3,6,"['helpful', 'thoughtful', 'hardworking']","['cluttered', 'lazy', 'serious', 'unhelpful', 'spontaneous']","['punctual', 'cluttered', 'teamplayer', 'serious', 'compromising', 'unhelpful', 'following', 'slowpaced', 'conservative', 'spontaneous', 'lazy']"
61,yUMaNyKJ , 19 ,42,0,7,"[0, 0, 1, 0, 1, 0, 0, 0, 1, 1, 0, 0, 1, 1, 0, 1]","[0, 1, 9, 3, 7, 10]",Yes,2,2,Yes,Yes,Yes,3.0,3,3,3,3,3,3,3,3,3,10,"['liberal', 'hardworking', 'helpful']","['delayed', 'lazy', 'cluttered', 'conservative', 'unhelpful']","['delayed', 'cluttered', 'playful', 'opinionated', 'unhelpful', 'teamplayer', 'following', 'slowpaced', 'conservative', 'spontaneous', 'lazy']"
62,U8vikiLq , 25 ,50,1,14,"[1, 0, 2, 2, 0, 0, 2, 0, 1, 2, 1, 0, 2, 1, 1, 2]","[0, 1, 2, 12, 13, 8]",No,3,3,No,Yes,No,3.0,4,4,4,4,2,1,4,4,1,10,"['punctual', 'organised', 'helpful']","['delayed', 'teamplayer', 'cluttered', 'lazy', 'unhelpful']","['delayed', 'cluttered', 'teamplayer', 'serious', 'compromising', 'unhelpful', 'following', 'slowpaced', 'conservative', 'thoughtful', 'lazy']"
63,KFTZNpVV , 18 ,37,1,22,"[1, 0, 2, 2, 0, 0, 1, 1, 1, 2, 1, 0, 1, 1, 1, 2]","[0, 1, 4, 5, 8, 3]",Yes,2,2,Yes,Yes,Yes,3.0,3,3,3,3,3,2,3,3,3,9,"['organised', 'opinionated', 'punctual']","['delayed', 'unhelpful', 'cluttered', 'spontaneous', 'compromising']","['delayed', 'cluttered', 'teamplayer', 'serious', 'compromising', 'unhelpful', 'following', 'slowpaced', 'conservative', 'spontaneous', 'lazy']"
64,Dxra4COD , 20 ,50,0,29,"[2, 1, 2, 2, 0, 1, 2, 2, 1, 2, 1, 2, 2, 2, 1, 2]","[0, 1, 13, 12, 8, 5]",Yes,2,2,Yes,Yes,Yes,4.0,4,4,3,3,2,3,3,2,2,9,"['hardworking', 'spontaneous', 'helpful']","['thoughtful', 'independent', 'lazy', 'serious', 'unhelpful']","['delayed', 'cluttered', 'independent', 'serious', 'compromising', 'unhelpful', 'following', 'slowpaced', 'conservative', 'thoughtful', 'lazy']"
65,H2vBdOHr , 18 ,29,2,23,"[2, 1, 2, 2, 1, 2, 2, 2, 2, 2, 1, 1, 2, 2, 2, 2]","[0, 1, 12, 8, 4, 2]",No,2,2,No,Yes,Yes,3.0,3,3,3,4,4,3,3,3,4,9,"['thoughtful', 'hardworking', 'compromising']","['lazy', 'opinionated', 'spontaneous', 'independent', 'serious']","['delayed', 'cluttered', 'independent', 'serious', 'opinionated', 'unhelpful', 'following', 'slowpaced', 'liberal', 'spontaneous', 'lazy']"
66,hn0IgOln , 25 ,45,0,13,"[1, 0, 2, 2, 0, 2, 1, 0, 2, 2, 1, 1, 0, 0, 1, 2]","[0, 1, 13, 3, 7, 9]",Yes,3,3,Yes,Yes,Yes,4.0,4,4,4,4,2,3,2,3,1,9,"['playful', 'influential', 'thoughtful']","['cluttered', 'spontaneous', 'serious', 'unhelpful', 'following']","['delayed', 'cluttered', 'independent', 'serious', 'opinionated', 'unhelpful', 'following', 'slowpaced', 'conservative', 'spontaneous', 'lazy']"
67,8KYyfn5t , 14 ,33,0,17,"[1, 0, 1, 0, 0, 0, 1, 0, 1, 2, 0, 0, 0, 0, 0, 1]","[0, 1, 12, 10, 13, 11]",Yes,2,2,Yes,Yes,Yes,2.0,2,3,4,3,2,2,1,2,3,5,"['punctual', 'helpful', 'influential']","['unhelpful', 'liberal', 'following', 'independent', 'delayed']","['delayed', 'organised', 'independent', 'playful', 'compromising', 'unhelpful', 'following', 'slowpaced', 'liberal', 'thoughtful', 'hardworking']"
68,MMllb0fu , 16 ,44,1,10,"[2, 1, 2, 2, 1, 1, 2, 1, 2, 2, 1, 1, 2, 2, 0, 2]","[0, 1, 12, 13, 2, 9]",Yes,3,3,Yes,Yes,Yes,4.0,4,4,4,4,4,4,4,4,4,10,"['punctual', 'helpful', 'thoughtful']","['delayed', 'spontaneous', 'teamplayer', 'unhelpful', 'slowpaced']","['delayed', 'organised', 'teamplayer', 'playful', 'compromising', 'unhelpful', 'influential', 'slowpaced', 'conservative', 'spontaneous', 'lazy']"
69,UrX8AJFh , 15 ,40,0,23,"[2, 2, 2, 2, 2, 2, 2, 2, 2, 2, 2, 2, 0, 2, 2, 2]","[0, 1, 5, 4, 7, 8]",Yes,3,3,Yes,Yes,Yes,4.0,4,4,4,4,3,3,4,4,4,10,"['independent', 'liberal', 'playful']","['teamplayer', 'conservative', 'serious', 'unhelpful', 'slowpaced']","['delayed', 'organised', 'teamplayer', 'serious', 'compromising', 'unhelpful', 'following', 'slowpaced', 'conservative', 'spontaneous', 'hardworking']"
70,ZYmjdWI2 , 15 ,46,2,9,"[1, 1, 2, 1, 2, 2, 1, 0, 1, 2, 1, 1, 2, 2, 0, 1]","[0, 1, 12, 11, 9, 6]",Yes,2,2,Yes,Yes,No,3.0,3,3,3,2,3,2,2,3,2,5,"['teamplayer', 'thoughtful', 'fast-paced']","['independent', 'conservative', 'following', 'slowpaced', 'spontaneous']","['delayed', 'cluttered', 'independent', 'serious', 'opinionated', 'unhelpful', 'following', 'slowpaced', 'conservative', 'spontaneous', 'lazy']"
71,jzYPp1g9 , 11 ,36,3,29,"[2, 0, 2, 2, 2, 2, 2, 2, 2, 2, 0, 2, 2, 0, 2, 2]","[0, 1, 12, 8, 2, 9]",Yes,2,2,Yes,Yes,Yes,3.0,2,2,3,3,3,2,2,3,3,6,"['thoughtful', 'organised', 'hardworking']","['teamplayer', 'lazy', 'cluttered', 'spontaneous', 'slowpaced']","['delayed', 'cluttered', 'teamplayer', 'playful', 'opinionated', 'unhelpful', 'influential', 'slowpaced', 'conservative', 'spontaneous', 'lazy']"
72,7RABas3b , 13 ,32,0,13,"[1, 0, 0, 2, 0, 0, 2, 1, 2, 2, 0, 0, 2, 2, 0, 2]","[0, 1, 2, 13, 12, 9]",No,2,2,No,No,No,3.0,3,3,3,3,3,3,3,1,3,7,"['compromising', 'playful', 'helpful']","['delayed', 'unhelpful', 'independent', 'serious', 'opinionated']","['delayed', 'organised', 'independent', 'serious', 'opinionated', 'unhelpful', 'following', 'slowpaced', 'liberal', 'spontaneous', 'hardworking']"
73,kZUMwX3X , 16 ,38,1,21,"[1, 2, 2, 1, 2, 2, 2, 2, 2, 2, 2, 2, 2, 1, 2, 2]","[0, 1, 11, 8, 2, 6]",Yes,3,3,Yes,Yes,Yes,4.0,4,4,4,4,4,3,4,4,4,10,"['punctual', 'organised', 'compromising']","['delayed', 'opinionated', 'cluttered', 'independent', 'serious']","['delayed', 'cluttered', 'independent', 'serious', 'unhelpful', 'following', 'fastpaced', 'liberal', 'spontaneous', 'lazy', 'opinionated']"
74,jTOiXw8o , 17 ,45,0,31,"[2, 1, 1, 2, 2, 2, 2, 2, 2, 2, 2, 1, 0, 1, 2, 2]","[0, 1, 11, 8, 4, 12]",Yes,1,1,Yes,No,Yes,3.0,3,3,3,3,3,3,3,3,3,1,"['punctual', 'helpful', 'thoughtful']","['delayed', 'spontaneous', 'independent', 'fastpaced', 'unhelpful']","['delayed', 'organised', 'independent', 'serious', 'compromising', 'unhelpful', 'following', 'fastpaced', 'liberal', 'spontaneous', 'lazy']"
75,GZogc3K1 , 32 ,23,0,17,"[2, 0, 1, 1, 0, 0, 2, 1, 2, 2, 1, 0, 2, 1, 1, 2]","[0, 1, 6, 8, 12, 3]",Yes,3,3,Yes,Yes,Yes,4.0,3,4,4,4,3,3,3,4,3,9,"['independent', 'helpful', 'hardworking']","['cluttered', 'delayed', 'teamplayer', 'unhelpful', 'lazy']","['delayed', 'cluttered', 'teamplayer', 'playful', 'opinionated', 'unhelpful', 'influential', 'fastpaced', 'liberal', 'spontaneous', 'lazy']"
76,CLU31Zsv , 25 ,35,3,31,"[1, 0, 1, 2, 0, 0, 1, 0, 2, 2, 2, 1, 0, 0, 1, 1]","[0, 1, 12, 5, 11, 8]",Yes,2,2,Yes,Yes,Yes,3.0,4,3,3,3,3,3,2,1,3,7,"['organised', 'hardworking', 'helpful']","['unhelpful', 'lazy', 'delayed', 'cluttered', 'independent']","['delayed', 'cluttered', 'independent', 'playful', 'opinionated', 'unhelpful', 'influential', 'slowpaced', 'liberal', 'spontaneous', 'lazy']"
77,0h4wPo9t , 34 ,44,0,37,"[2, 2, 2, 2, 2, 2, 2, 1, 2, 2, 2, 2, 2, 2, 2, 2]","[0, 1, 9, 13, 12, 6]",Yes,3,3,Yes,Yes,Yes,3.0,3,3,3,3,3,3,3,3,3,9,"['teamplayer', 'playful', 'thoughtful']","['delayed', 'spontaneous', 'independent', 'serious', 'unhelpful']","['delayed', 'organised', 'independent', 'serious', 'compromising', 'unhelpful', 'influential', 'fastpaced', 'conservative', 'spontaneous', 'lazy']"
78,9a6tpwPe , 15 ,30,0,24,"[1, 0, 2, 2, 1, 0, 2, 0, 2, 2, 2, 1, 1, 0, 0, 2]","[0, 1, 5, 8, 4, 7]",Yes,3,3,Yes,Yes,Yes,4.0,4,4,4,4,4,3,2,4,4,10,"['thoughtful', 'hardworking', 'opinionated']","['compromising', 'unhelpful', 'following', 'spontaneous', 'lazy']","['delayed', 'cluttered', 'teamplayer', 'playful', 'compromising', 'unhelpful', 'following', 'slowpaced', 'liberal', 'spontaneous', 'lazy']"
79,SZN1eP9l , 13 ,34,3,15,"[1, 2, 2, 2, 1, 2, 2, 1, 2, 1, 0, 0, 2, 2, 1, 2]","[0, 1, 11, 12, 13, 9]",Yes,2,2,Yes,Yes,Yes,3.0,3,3,3,3,3,3,3,3,3,10,"['organised', 'teamplayer', 'punctual']","['cluttered', 'spontaneous', 'following', 'delayed', 'independent']","['delayed', 'cluttered', 'independent', 'serious', 'opinionated', 'unhelpful', 'following', 'fastpaced', 'conservative', 'spontaneous', 'lazy']"
80,lY74vHI1 , 69 ,32,0,17,"[1, 1, 1, 0, 0, 0, 2, 0, 2, 0, 1, 1, 0, 1, 0, 1]","[0, 1, 13, 12, 8, 11]",No,3,3,No,No,No,4.0,4,4,4,4,4,3,3,4,4,10,"['helpful', 'influential', 'opinionated']","['independent', 'following', 'serious', 'unhelpful', 'compromising']","['independent', 'following', 'conservative', 'punctual', 'organised', 'serious', 'compromising', 'unhelpful', 'slowpaced', 'thoughtful', 'hardworking']"
81,oWck82z6 , 19 ,43,1,22,"[1, 0, 1, 1, 0, 0, 1, 0, 0, 1, 0, 1, 1, 0, 1, 1]","[0, 1, 11, 9, 4, 12]",Yes,2,2,Yes,Yes,Yes,,3,3,3,3,3,3,3,3,3,8,"['delayed', 'cluttered', 'slow-paced']","['punctual', 'compromising', 'organised', 'fastpaced', 'spontaneous']","['lazy', 'spontaneous', 'liberal', 'fastpaced', 'unhelpful', 'compromising', 'independent', 'organised', 'punctual', 'serious', 'following']"
82,Hw1VYTlu , 17 ,25,1,17,"[1, 0, 1, 1, 2, 2, 1, 0, 2, 2, 1, 0, 2, 1, 1, 2]","[0, 1, 11, 10, 8, 3]",Yes,3,3,Yes,Yes,Yes,3.0,3,3,3,4,3,3,3,3,3,5,"['punctual', 'organised', 'hardworking']","['delayed', 'lazy', 'cluttered', 'independent', 'unhelpful']","['delayed', 'cluttered', 'independent', 'serious', 'compromising', 'unhelpful', 'influential', 'slowpaced', 'liberal', 'thoughtful', 'lazy']"
83,fpt7IdEQ , 14 ,37,1,11,"[1, 0, 1, 1, 2, 2, 1, 0, 1, 1, 1, 1, 1, 2, 1, 0]","[0, 1, 4, 5, 11, 13]",Yes,2,2,Yes,No,No,2.0,4,4,2,3,2,3,3,2,2,3,"['thoughtful', 'fast-paced', 'independent']","['teamplayer', 'lazy', 'serious', 'slowpaced', 'spontaneous']","['punctual', 'cluttered', 'teamplayer', 'serious', 'compromising', 'unhelpful', 'following', 'slowpaced', 'conservative', 'spontaneous', 'lazy']"
84,0LWFHD7Y , 56 ,43,2,13,"[2, 0, 2, 2, 0, 0, 0, 1, 1, 2, 2, 1, 2, 1, 1, 1]","[0, 1, 13, 7, 4, 5]",No,2,2,No,Yes,Yes,3.0,3,3,3,3,2,2,2,2,4,6,"['hardworking', 'influential', 'helpful']","['independent', 'following', 'serious', 'unhelpful', 'lazy']","['punctual', 'organised', 'independent', 'serious', 'compromising', 'unhelpful', 'following', 'slowpaced', 'conservative', 'spontaneous', 'lazy']"
85,lvBhwGOH , 22 ,42,2,12,"[1, 0, 0, 0, 0, 0, 1, 0, 0, 0, 1, 0, 0, 0, 0, 2]","[0, 1, 4, 13, 11, 2]",No,2,2,No,No,No,1.0,1,1,1,3,1,2,1,1,1,1,"['independent', 'helpful', 'liberal']","['delayed', 'unhelpful', 'teamplayer', 'conservative', 'slowpaced']","['delayed', 'cluttered', 'teamplayer', 'playful', 'opinionated', 'unhelpful', 'influential', 'slowpaced', 'conservative', 'thoughtful', 'lazy']"
86,pJ5VUbvE , 22 ,45,2,26,"[1, 1, 2, 1, 2, 2, 1, 1, 2, 1, 1, 1, 1, 1, 1, 1]","[0, 1, 13, 12, 8, 11]",Yes,3,3,Yes,Yes,Yes,3.0,3,3,3,3,3,3,3,3,3,10,"['thoughtful', 'helpful', 'punctual']","['delayed', 'cluttered', 'teamplayer', 'unhelpful', 'spontaneous']","['delayed', 'cluttered', 'teamplayer', 'playful', 'compromising', 'unhelpful', 'influential', 'fastpaced', 'liberal', 'spontaneous', 'hardworking']"
87,7gp6rHsY , 22 ,29,0,3,"[1, 0, 1, 0, 1, 1, 1, 0, 0, 1, 0, 0, 0, 1, 0, 1]","[0, 1, 12, 6, 9, 13]",Yes,3,3,Yes,Yes,Yes,3.0,3,3,3,3,3,3,3,3,3,7,"['organised', 'playful', 'helpful']","['delayed', 'conservative', 'cluttered', 'serious', 'unhelpful']","['delayed', 'cluttered', 'teamplayer', 'serious', 'compromising', 'unhelpful', 'influential', 'slowpaced', 'conservative', 'thoughtful', 'hardworking']"
88,BS4lynEE , 16 ,32,0,5,"[2, 1, 2, 1, 2, 1, 2, 1, 1, 0, 1, 1, 2, 0, 1, 0]","[0, 1, 2, 12, 8, 9]",No,3,3,No,Yes,Yes,3.0,3,3,3,3,3,3,2,3,3,6,"['punctual', 'helpful', 'hardworking']","['delayed', 'lazy', 'cluttered', 'unhelpful', 'following']","['delayed', 'cluttered', 'teamplayer', 'serious', 'compromising', 'unhelpful', 'following', 'slowpaced', 'conservative', 'spontaneous', 'lazy']"
89,vDleRU2b , 18 ,41,0,20,"[0, 0, 2, 0, 0, 0, 1, 0, 1, 0, 0, 0, 2, 2, 1, 2]","[0, 1, 9, 11, 13, 12]",Yes,2,2,Yes,No,No,3.0,3,3,3,2,2,3,3,3,2,10,"['playful', 'liberal', 'thoughtful']","['serious', 'organised', 'following', 'conservative', 'spontaneous']","['punctual', 'organised', 'independent', 'serious', 'compromising', 'unhelpful', 'following', 'slowpaced', 'conservative', 'spontaneous', 'lazy']"
90,UUNQimrA , 15 ,35,0,23,"[0, 0, 0, 0, 0, 0, 0, 0, 0, 0, 0, 0, 0, 0, 0, 0]","[0, 1, 12, 9, 13, 3]",Yes,3,3,Yes,Yes,Yes,3.0,4,3,3,3,3,3,3,3,3,7,"['helpful', 'liberal', 'teamplayer']","['independent', 'conservative', 'compromising', 'unhelpful', 'fastpaced']","['delayed', 'organised', 'independent', 'serious', 'compromising', 'unhelpful', 'following', 'fastpaced', 'conservative', 'spontaneous', 'lazy']"
91,eYS23OkA , 30 ,38,1,23,"[1, 0, 1, 0, 0, 1, 1, 0, 1, 1, 0, 0, 1, 1, 2, 1]","[0, 1, 11, 13, 12, 8]",Yes,3,3,Yes,Yes,Yes,3.0,4,4,4,4,2,4,3,3,4,4,"['independent', 'opinionated', 'slow-paced']","['teamplayer', 'conservative', 'compromising', 'spontaneous', 'fastpaced']","['delayed', 'cluttered', 'teamplayer', 'serious', 'compromising', 'unhelpful', 'following', 'fastpaced', 'conservative', 'spontaneous', 'lazy']"
92,0VZLzQB0 , 10 ,37,0,7,"[2, 0, 2, 2, 1, 2, 2, 2, 1, 2, 1, 1, 1, 0, 0, 1]","[0, 1, 7, 5, 3, 4]",Yes,3,3,Yes,Yes,No,3.0,3,3,3,3,3,3,3,3,3,8,"['independent', 'thoughtful', 'helpful']","['serious', 'teamplayer', 'unhelpful', 'spontaneous', 'conservative']","['punctual', 'organised', 'teamplayer', 'serious', 'opinionated', 'unhelpful', 'influential', 'slowpaced', 'conservative', 'spontaneous', 'hardworking']"
93,5bDxrnAf , 29 ,43,0,8,"[1, 0, 2, 2, 2, 2, 2, 1, 2, 1, 0, 0, 1, 1, 1, 2]","[0, 1, 12, 13, 11, 4]",No,3,3,No,Yes,No,3.0,3,4,3,3,3,3,4,3,3,10,"['organised', 'helpful', 'thoughtful']","['cluttered', 'spontaneous', 'teamplayer', 'serious', 'unhelpful']","['punctual', 'cluttered', 'teamplayer', 'serious', 'opinionated', 'unhelpful', 'influential', 'fastpaced', 'liberal', 'spontaneous', 'lazy']"
94,XW7TETAx , 14 ,38,3,16,"[1, 0, 2, 1, 0, 1, 1, 2, 2, 2, 1, 0, 0, 0, 1, 1]","[0, 1, 10, 2, 3, 12]",Yes,3,3,Yes,Yes,Yes,4.0,4,4,4,4,4,4,4,4,4,9,"['punctual', 'thoughtful', 'hardworking']","['delayed', 'cluttered', 'unhelpful', 'spontaneous', 'lazy']","['delayed', 'cluttered', 'teamplayer', 'serious', 'opinionated', 'unhelpful', 'following', 'slowpaced', 'liberal', 'spontaneous', 'lazy']"
95,CkRCvKTj , 13 ,49,0,19,"[0, 2, 0, 1, 0, 1, 0, 0, 2, 2, 0, 0, 0, 0, 0, 1]","[0, 1, 13, 12, 9, 2]",Yes,3,3,Yes,Yes,No,3.0,3,4,4,2,2,2,3,3,2,8,"['punctual', 'serious', 'teamplayer']","['delayed', 'spontaneous', 'independent', 'playful', 'unhelpful']","['delayed', 'cluttered', 'independent', 'playful', 'compromising', 'unhelpful', 'influential', 'slowpaced', 'liberal', 'spontaneous', 'lazy']"
96,JFGFrXSi , 18 ,32,0,14,"[2, 2, 2, 2, 2, 1, 2, 0, 2, 2, 0, 1, 1, 1, 1, 2]","[0, 1, 11, 13, 5, 3]",No,2,2,No,No,Yes,3.0,3,3,2,3,3,2,3,2,2,6,"['playful', 'punctual', 'organised']","['delayed', 'unhelpful', 'cluttered', 'serious', 'spontaneous']","['delayed', 'cluttered', 'teamplayer', 'serious', 'compromising', 'following', 'unhelpful', 'fastpaced', 'conservative', 'spontaneous', 'hardworking']"
97,GI6ZkgxG , 18 ,45,1,11,"[1, 0, 1, 1, 0, 0, 1, 0, 1, 2, 0, 0, 1, 1, 0, 1]","[0, 1, 2, 12, 8, 13]",No,2,2,No,No,No,2.0,3,3,3,3,2,3,2,2,2,1,"['punctual', 'organised', 'helpful']","['delayed', 'spontaneous', 'cluttered', 'opinionated', 'unhelpful']","['delayed', 'cluttered', 'teamplayer', 'playful', 'opinionated', 'unhelpful', 'following', 'slowpaced', 'liberal', 'spontaneous', 'lazy']"
98,wPhZPjY1 , 26 ,32,1,27,"[1, 0, 2, 1, 1, 2, 2, 1, 1, 0, 1, 0, 0, 2, 1, 1]","[0, 1, 11, 12, 8, 4]",Yes,2,2,Yes,Yes,No,3.0,3,3,4,3,3,3,4,3,3,5,"['playful', 'helpful', 'fast-paced']","['independent', 'thoughtful', 'serious', 'unhelpful', 'slowpaced']","['delayed', 'organised', 'independent', 'serious', 'compromising', 'unhelpful', 'influential', 'slowpaced', 'conservative', 'thoughtful', 'hardworking']"
99,qwQxmYvO , 12 ,30,1,13,"[2, 1, 2, 2, 2, 2, 2, 1, 2, 2, 2, 1, 2, 2, 2, 2]","[0, 1, 12, 13, 8, 11]",Yes,3,3,Yes,Yes,Yes,4.0,3,3,4,3,3,3,3,3,3,9,"['teamplayer', 'compromising', 'conservative']","['spontaneous', 'opinionated', 'unhelpful', 'independent', 'liberal']","['delayed', 'cluttered', 'independent', 'serious', 'opinionated', 'unhelpful', 'influential', 'slowpaced', 'liberal', 'spontaneous', 'lazy']"
100,dBWQWH8N , 11 ,32,0,19,"[1, 1, 2, 2, 1, 2, 2, 2, 2, 1, 2, 1, 1, 1, 1, 2]","[0, 1, 9, 8, 13, 12]",Yes,3,3,Yes,Yes,Yes,3.0,3,3,3,4,3,3,3,3,4,10,"['teamplayer', 'hardworking', 'helpful']","['cluttered', 'opinionated', 'independent', 'unhelpful', 'lazy']","['punctual', 'cluttered', 'independent', 'playful', 'opinionated', 'unhelpful', 'following', 'slowpaced', 'liberal', 'spontaneous', 'lazy']"
101,5iknpNBc , 14 ,35,2,19,"[1, 0, 2, 2, 1, 2, 2, 1, 2, 2, 0, 2, 2, 2, 1, 2]","[0, 1, 13, 12, 3, 2]",No,1,1,No,Yes,Yes,4.0,3,3,2,3,3,3,2,2,3,8,"['organised', 'helpful', 'hardworking']","['delayed', 'unhelpful', 'cluttered', 'lazy', 'spontaneous']","['delayed', 'cluttered', 'teamplayer', 'playful', 'opinionated', 'unhelpful', 'influential', 'slowpaced', 'liberal', 'spontaneous', 'lazy']"
102,5KzAkxSx , 60 ,35,1,28,"[2, 1, 2, 1, 1, 1, 2, 0, 2, 2, 0, 1, 1, 1, 1, 2]","[0, 1, 12, 11, 3, 8]",Yes,2,2,Yes,Yes,Yes,3.0,4,4,3,4,3,3,3,3,4,10,"['hardworking', 'playful', 'helpful']","['independent', 'lazy', 'unhelpful', 'conservative', 'serious']","['punctual', 'organised', 'independent', 'serious', 'opinionated', 'unhelpful', 'fastpaced', 'conservative', 'spontaneous', 'lazy', 'following']"
103,zw5j7CnW , 10 ,27,0,3,"[0, 0, 0, 0, 0, 0, 1, 0, 0, 1, 0, 0, 1, 0, 0, 0]","[0, 1, 13, 12, 9, 2]",No,2,2,No,No,No,3.0,3,3,3,4,3,3,2,3,2,8,"['fast-paced', 'influential', 'opinionated']","['compromising', 'following', 'conservative', 'lazy', 'slowpaced']","['delayed', 'organised', 'teamplayer', 'playful', 'compromising', 'unhelpful', 'following', 'slowpaced', 'conservative', 'spontaneous', 'lazy']"
104,5yQpX111 , 20 ,47,3,9,"[1, 0, 1, 1, 0, 0, 1, 0, 2, 1, 2, 1, 1, 2, 0, 2]","[0, 1, 12, 3, 2, 13]",No,3,3,No,No,No,3.0,3,3,3,3,3,3,2,2,2,8,"['independent', 'playful', 'opinionated']","['teamplayer', 'thoughtful', 'compromising', 'serious', 'slowpaced']","['delayed', 'cluttered', 'teamplayer', 'serious', 'compromising', 'unhelpful', 'following', 'slowpaced', 'liberal', 'thoughtful', 'lazy']"
105,oFbMY2ok , 16 ,44,0,19,"[2, 1, 2, 2, 2, 2, 2, 2, 2, 2, 0, 0, 1, 2, 1, 2]","[0, 1, 8, 13, 6, 10]",Yes,3,3,Yes,Yes,Yes,3.0,3,3,3,3,3,3,3,3,3,9,"['teamplayer', 'helpful', 'thoughtful']","['delayed', 'spontaneous', 'cluttered', 'independent', 'unhelpful']","['delayed', 'independent', 'serious', 'compromising', 'cluttered', 'unhelpful', 'fastpaced', 'conservative', 'spontaneous', 'hardworking', 'influential']"
106,yeG6eZ4T , 10 ,32,0,23,"[2, 1, 2, 2, 2, 2, 2, 1, 2, 1, 1, 1, 1, 2, 2, 2]","[0, 1, 9, 12, 13, 2]",Yes,2,2,Yes,Yes,Yes,3.0,3,3,3,3,3,3,3,3,3,7,"['independent', 'opinionated', 'helpful']","['organised', 'unhelpful', 'teamplayer', 'playful', 'compromising']","['punctual', 'organised', 'teamplayer', 'playful', 'compromising', 'unhelpful', 'following', 'fastpaced', 'conservative', 'spontaneous', 'lazy']"
107,fbUC2Gky , 19 ,36,0,26,"[1, 2, 2, 2, 2, 2, 2, 1, 2, 2, 1, 1, 2, 2, 1, 2]","[0, 1, 5, 8, 13, 12]",Yes,1,1,Yes,Yes,Yes,3.0,4,4,4,4,3,3,3,4,4,10,"['thoughtful', 'opinionated', 'helpful']","['independent', 'spontaneous', 'compromising', 'unhelpful', 'following']","['punctual', 'organised', 'independent', 'serious', 'compromising', 'unhelpful', 'following', 'fastpaced', 'conservative', 'spontaneous', 'lazy']"
108,xFT9IkX3 , 42 ,25,0,23,"[2, 0, 1, 1, 0, 1, 2, 0, 1, 2, 1, 0, 2, 2, 2, 2]","[0, 1, 6, 11, 13, 9]",Yes,2,2,Yes,Yes,Yes,3.0,2,3,3,3,2,2,3,3,2,3,"['playful', 'opinionated', 'helpful']","['cluttered', 'compromising', 'unhelpful', 'serious', 'thoughtful']","['punctual', 'cluttered', 'teamplayer', 'serious', 'compromising', 'unhelpful', 'following', 'fastpaced', 'liberal', 'thoughtful', 'hardworking']"
109,Vdqb635d , 17 ,31,0,15,"[2, 2, 2, 2, 2, 0, 2, 2, 2, 2, 1, 1, 2, 2, 2, 2]","[0, 1, 3, 11, 7, 8]",Yes,3,3,Yes,Yes,No,4.0,4,3,3,3,4,4,3,3,3,9,"['organised', 'independent', 'helpful']","['delayed', 'unhelpful', 'cluttered', 'teamplayer', 'conservative']","['delayed', 'cluttered', 'teamplayer', 'serious', 'compromising', 'unhelpful', 'following', 'fastpaced', 'conservative', 'spontaneous', 'lazy']"
110,zi9EVghz , 14 ,27,0,11,"[1, 0, 1, 1, 0, 1, 2, 0, 1, 1, 0, 0, 0, 1, 0, 0]","[0, 1, 11, 13, 12, 10]",Yes,3,3,Yes,Yes,Yes,4.0,4,4,4,4,3,3,3,3,4,10,"['influential', 'liberal', 'thoughtful']","['conservative', 'teamplayer', 'spontaneous', 'following', 'compromising']","['delayed', 'organised', 'teamplayer', 'serious', 'compromising', 'unhelpful', 'following', 'slowpaced', 'conservative', 'spontaneous', 'hardworking']"
111,5LfucSqu , 18 ,29,0,26,"[2, 2, 2, 2, 2, 2, 2, 1, 2, 2, 1, 2, 0, 1, 2, 2]","[0, 1, 12, 9, 13, 11]",No,3,3,No,Yes,Yes,2.0,4,2,3,4,3,3,2,3,4,7,"['hardworking', 'punctual', 'teamplayer']","['delayed', 'lazy', 'independent', 'cluttered', 'following']","['delayed', 'cluttered', 'independent', 'serious', 'compromising', 'unhelpful', 'following', 'slowpaced', 'conservative', 'thoughtful', 'lazy']"
112,KqilujmT , 30 ,41,2,27,"[2, 2, 2, 2, 1, 2, 2, 2, 1, 2, 2, 2, 2, 2, 2, 2]","[0, 1, 12, 9, 2, 11]",No,3,3,No,No,No,4.0,4,4,4,4,4,4,4,4,4,10,"['helpful', 'thoughtful', 'hardworking']","['unhelpful', 'opinionated', 'spontaneous', 'lazy', 'serious']","['delayed', 'cluttered', 'independent', 'serious', 'opinionated', 'unhelpful', 'influential', 'slowpaced', 'liberal', 'spontaneous', 'lazy']"
113,A1aqsQDB , 21 ,36,0,22,"[1, 0, 1, 0, 0, 1, 1, 0, 1, 2, 1, 2, 0, 2, 1, 2]","[0, 1, 5, 2, 4, 3, 7]",Yes,3,3,Yes,Yes,Yes,1.0,3,3,3,4,1,3,2,3,4,5,"['hardworking', 'conservative', 'helpful']","['delayed', 'cluttered', 'unhelpful', 'lazy', 'liberal']","['delayed', 'cluttered', 'teamplayer', 'playful', 'opinionated', 'unhelpful', 'influential', 'fastpaced', 'liberal', 'spontaneous', 'lazy']"
114,zYI2FSI1 , 14 ,35,0,22,"[1, 0, 1, 0, 0, 1, 1, 0, 2, 2, 1, 1, 2, 1, 0, 1]","[0, 1, 12, 13, 8, 3]",Yes,2,2,Yes,Yes,Yes,3.0,2,3,3,3,3,3,3,3,2,6,"['punctual', 'organised', 'opinionated']","['conservative', 'compromising', 'delayed', 'cluttered', 'independent']","['delayed', 'cluttered', 'independent', 'playful', 'compromising', 'unhelpful', 'following', 'slowpaced', 'conservative', 'spontaneous', 'hardworking']"
115,7zpfkmJA , 15 ,40,0,25,"[2, 1, 2, 2, 2, 2, 2, 2, 2, 2, 1, 1, 2, 2, 1, 1]","[0, 1, 11, 8, 10, 3]",No,2,2,No,Yes,Yes,3.0,1,2,2,2,3,1,2,2,2,7,"['liberal', 'thoughtful', 'helpful']","['conservative', 'serious', 'spontaneous', 'unhelpful', 'teamplayer']","['punctual', 'organised', 'teamplayer', 'serious', 'opinionated', 'unhelpful', 'influential', 'fastpaced', 'conservative', 'spontaneous', 'hardworking']"
116,NZl52yhk , 17 ,39,0,21,"[1, 1, 2, 2, 1, 1, 1, 1, 1, 1, 1, 1, 1, 1, 1, 1]","[0, 1, 2, 3, 7, 9]",Yes,3,3,Yes,Yes,Yes,3.0,3,3,3,3,3,3,3,3,3,9,"['serious', 'helpful', 'influential']","['unhelpful', 'teamplayer', 'following', 'cluttered', 'playful']","['delayed', 'cluttered', 'teamplayer', 'playful', 'opinionated', 'unhelpful', 'following', 'fastpaced', 'conservative', 'spontaneous', 'lazy']"
117,UYMTPrHk , 14 ,39,2,20,"[2, 2, 2, 2, 2, 2, 0, 2, 2, 2, 2, 2, 2, 1, 2, 2]","[0, 1, 12, 10, 9, 2]",Yes,1,1,Yes,No,No,3.0,3,3,2,2,3,3,3,2,2,6,"['liberal', 'helpful', 'hardworking']","['conservative', 'lazy', 'following', 'unhelpful', 'opinionated']","['punctual', 'organised', 'independent', 'serious', 'opinionated', 'unhelpful', 'following', 'slowpaced', 'conservative', 'thoughtful', 'lazy']"
118,ktiPuFMj , 21 ,27,0,25,"[2, 1, 2, 2, 2, 0, 2, 2, 2, 2, 1, 1, 1, 2, 2, 2]","[0, 1, 12, 7, 8, 5]",Yes,3,3,Yes,Yes,Yes,3.0,3,4,4,4,3,3,4,3,4,8,"['punctual', 'helpful', 'hardworking']","['delayed', 'lazy', 'playful', 'unhelpful', 'thoughtful']","['delayed', 'organised', 'teamplayer', 'playful', 'compromising', 'unhelpful', 'following', 'slowpaced', 'conservative', 'thoughtful', 'lazy']"
119,ofKAON5v , 17 ,39,0,31,"[2, 2, 2, 2, 1, 2, 2, 2, 2, 2, 2, 1, 2, 2, 2, 2]","[0, 1, 11, 8, 10, 7]",No,2,2,No,No,No,3.0,2,2,3,3,3,2,3,3,3,5,"['thoughtful', 'helpful', 'hardworking']","['teamplayer', 'lazy', 'opinionated', 'unhelpful', 'spontaneous']","['delayed', 'organised', 'teamplayer', 'playful', 'opinionated', 'unhelpful', 'influential', 'slowpaced', 'liberal', 'spontaneous', 'lazy']"
120,6jU2XczD , 55 ,39,0,23,"[1, 2, 2, 2, 0, 1, 2, 2, 2, 2, 1, 2, 0, 1, 2, 1]","[0, 1, 10, 9, 13, 11, 3]",No,2,2,No,No,No,3.0,3,3,3,3,3,3,3,3,3,7,"['organised', 'hardworking', 'helpful']","['lazy', 'independent', 'cluttered', 'spontaneous', 'unhelpful']","['unhelpful', 'opinionated', 'delayed', 'cluttered', 'independent', 'playful', 'influential', 'slowpaced', 'conservative', 'spontaneous', 'lazy']"
121,vgXRfgx1 , 27 ,39,0,22,"[2, 2, 2, 1, 0, 1, 2, 0, 0, 1, 0, 1, 2, 2, 1, 2]","[0, 1, 11, 12, 3, 2]",Yes,2,2,Yes,Yes,Yes,3.0,3,3,2,3,3,3,3,2,3,8,"['punctual', 'hardworking', 'helpful']","['delayed', 'lazy', 'teamplayer', 'compromising', 'unhelpful']","['delayed', 'organised', 'teamplayer', 'playful', 'compromising', 'unhelpful', 'influential', 'fastpaced', 'liberal', 'spontaneous', 'lazy']"
122,XV3tC6x7 , 19 ,42,1,20,"[2, 1, 2, 2, 2, 2, 2, 2, 2, 2, 2, 2, 1, 0, 1, 1]","[0, 1, 8, 5, 2, 3]",Yes,1,1,Yes,Yes,Yes,4.0,4,4,4,4,4,3,3,4,4,10,"['helpful', 'hardworking', 'liberal']","['unhelpful', 'delayed', 'lazy', 'conservative', 'teamplayer']","['delayed', 'organised', 'teamplayer', 'serious', 'compromising', 'unhelpful', 'following', 'slowpaced', 'conservative', 'thoughtful', 'lazy']"
123,iAFvjksM , 22 ,28,0,23,"[2, 1, 2, 2, 0, 1, 2, 0, 1, 1, 1, 1, 2, 2, 2, 2]","[0, 1, 12, 11, 3, 9]",Yes,3,3,Yes,Yes,Yes,3.0,3,3,4,3,3,3,3,4,3,10,"['hardworking', 'organised', 'influential']","['spontaneous', 'lazy', 'following', 'cluttered', 'unhelpful']","['punctual', 'cluttered', 'independent', 'serious', 'opinionated', 'unhelpful', 'following', 'slowpaced', 'conservative', 'spontaneous', 'lazy']"
124,lxbQGVeW , 18 ,30,0,19,"[1, 0, 2, 2, 2, 0, 2, 0, 1, 2, 0, 2, 2, 2, 1, 0]","[0, 1, 11, 8, 2, 3]",No,2,2,No,Yes,Yes,4.0,3,3,3,3,3,2,2,3,2,10,"['hardworking', 'helpful', 'organised']","['delayed', 'lazy', 'cluttered', 'teamplayer', 'unhelpful']","['delayed', 'cluttered', 'teamplayer', 'playful', 'compromising', 'unhelpful', 'following', 'slowpaced', 'liberal', 'spontaneous', 'lazy']"
125,FlA74B1P , 12 ,38,0,22,"[2, 2, 2, 1, 2, 2, 2, 2, 2, 2, 1, 2, 1, 1, 2, 0]","[0, 1, 12, 9, 13, 2]",Yes,3,3,Yes,Yes,Yes,3.0,3,4,3,4,3,3,4,3,4,8,"['hardworking', 'teamplayer', 'organised']","['lazy', 'cluttered', 'spontaneous', 'unhelpful', 'independent']","['punctual', 'cluttered', 'independent', 'serious', 'compromising', 'unhelpful', 'following', 'slowpaced', 'conservative', 'spontaneous', 'lazy']"
126,HYsEFs5m , 13 ,38,1,29,"[2, 1, 2, 2, 2, 1, 2, 1, 2, 2, 1, 2, 2, 1, 2, 2]","[0, 1, 11, 12, 2, 8]",Yes,2,2,Yes,Yes,Yes,4.0,3,3,3,3,3,2,3,3,3,10,"['organised', 'helpful', 'hardworking']","['lazy', 'cluttered', 'spontaneous', 'conservative', 'unhelpful']","['delayed', 'cluttered', 'teamplayer', 'serious', 'compromising', 'unhelpful', 'following', 'slowpaced', 'conservative', 'spontaneous', 'lazy']"
127,WzPlNvAQ , 14 ,33,1,19,"[2, 1, 2, 2, 1, 0, 2, 1, 2, 2, 1, 1, 2, 1, 1, 2]","[0, 1, 12, 13, 9, 6]",Yes,2,2,Yes,Yes,Yes,3.0,3,3,3,3,3,2,2,3,4,7,"['helpful', 'hardworking', 'organised']","['cluttered', 'slowpaced', 'teamplayer', 'unhelpful', 'lazy']","['punctual', 'cluttered', 'teamplayer', 'serious', 'compromising', 'unhelpful', 'influential', 'slowpaced', 'thoughtful', 'lazy', 'liberal']"
128,VjnRWmQA , 11 ,32,0,24,"[2, 1, 2, 2, 0, 1, 2, 0, 2, 1, 1, 2, 2, 2, 2, 2]","[0, 1, 13, 3, 7, 8]",No,3,3,No,Yes,Yes,3.0,3,3,3,4,3,3,3,2,3,8,"['organised', 'playful', 'punctual']","['delayed', 'spontaneous', 'cluttered', 'serious', 'unhelpful']","['delayed', 'cluttered', 'independent', 'serious', 'opinionated', 'unhelpful', 'following', 'slowpaced', 'liberal', 'spontaneous', 'lazy']"
129,mWcZ8Bv6 , 22 ,39,1,14,"[1, 2, 1, 1, 1, 0, 1, 0, 2, 1, 1, 0, 2, 2, 1, 2]","[0, 1, 4, 12, 7, 9, 13]",No,2,2,No,Yes,Yes,3.0,2,3,3,3,3,2,3,3,3,7,"['punctual', 'organised', 'teamplayer']","['delayed', 'opinionated', 'cluttered', 'independent', 'serious']","['independent', 'serious', 'opinionated', 'delayed', 'cluttered', 'unhelpful', 'following', 'slowpaced', 'conservative', 'spontaneous', 'lazy']"
130,2iH5z9GN , 18 ,42,0,18,"[2, 1, 2, 2, 0, 1, 2, 0, 1, 2, 0, 1, 1, 1, 2, 2]","[0, 1, 9, 11, 2, 8]",Yes,3,3,Yes,Yes,Yes,3.0,3,3,3,3,3,3,3,3,3,7,"['teamplayer', 'organised', 'helpful']","['cluttered', 'lazy', 'independent', 'delayed', 'unhelpful']","['cluttered', 'unhelpful', 'delayed', 'independent', 'playful', 'opinionated', 'influential', 'slowpaced', 'liberal', 'spontaneous', 'lazy']"
131,6grFtkMu , 7 ,28,2,21,"[1, 1, 2, 2, 2, 2, 2, 2, 2, 2, 2, 2, 1, 1, 2, 1]","[0, 1, 7, 13, 12, 10, 8]",Yes,3,3,Yes,Yes,Yes,3.0,3,4,4,3,3,3,3,4,3,8,"['playful', 'teamplayer', 'liberal']","['independent', 'conservative', 'cluttered', 'serious', 'following']","['delayed', 'cluttered', 'independent', 'serious', 'opinionated', 'unhelpful', 'following', 'slowpaced', 'conservative', 'spontaneous', 'lazy']"
